Year,Cohort,Sex,Drivers
1963,Under 16,Male,187
1963,Under 16,Female,114
1963,16,Male,890
1963,16,Female,578
1963,17,Male,1213
1963,17,Female,693
1963,18,Male,1001
1963,18,Female,674
1963,19,Male,1116
1963,19,Female,769
1963,19 and Under,Male,4407
1963,19 and Under,Female,2828
1963,20,Male,1236
1963,20,Female,863
1963,21,Male,1250
1963,21,Female,895
1963,22,Male,1271
1963,22,Female,916
1963,23,Male,1193
1963,23,Female,863
1963,24,Male,1144
1963,24,Female,832
1963,20-24,Male,6094
1963,20-24,Female,4369
1963,25-29,Male,5707
1963,25-29,Female,4114
1963,30-34,Male,5611
1963,30-34,Female,4213
1963,35-39,Male,5947
1963,35-39,Female,4475
1963,40-44,Male,5784
1963,40-44,Female,4265
1963,45-49,Male,5298
1963,45-49,Female,3674
1963,50-54,Male,4718
1963,50-54,Female,3037
1963,55-59,Male,4091
1963,55-59,Female,2392
1963,60-64,Male,3253
1963,60-64,Female,1664
1963,65-69,Male,2539
1963,65-69,Female,1086
1963,70-74,Male,
1963,70-74,Female,
1963,75-79,Male,
1963,75-79,Female,
1963,80-84,Male,
1963,80-84,Female,
1963,85 and Older,Male,
1963,85 and Older,Female,
1964,Under 16,Male,104
1964,Under 16,Female,66
1964,16,Male,792
1964,16,Female,538
1964,17,Male,1288
1964,17,Female,829
1964,18,Male,1276
1964,18,Female,868
1964,19,Male,1257
1964,19,Female,857
1964,19 and Under,Male,4717
1964,19 and Under,Female,3158
1964,20,Male,1271
1964,20,Female,922
1964,21,Male,1285
1964,21,Female,956
1964,22,Male,1307
1964,22,Female,978
1964,23,Male,1227
1964,23,Female,921
1964,24,Male,1176
1964,24,Female,888
1964,20-24,Male,6266
1964,20-24,Female,4665
1964,25-29,Male,5786
1964,25-29,Female,4290
1964,30-34,Male,5688
1964,30-34,Female,4291
1964,35-39,Male,5946
1964,35-39,Female,4567
1964,40-44,Male,5890
1964,40-44,Female,4404
1964,45-49,Male,5314
1964,45-49,Female,3795
1964,50-54,Male,4751
1964,50-54,Female,3162
1964,55-59,Male,4036
1964,55-59,Female,2423
1964,60-64,Male,3208
1964,60-64,Female,1715
1964,65-69,Male,2422
1964,65-69,Female,1096
1964,70-74,Male,
1964,70-74,Female,
1964,75-79,Male,
1964,75-79,Female,
1964,80-84,Male,
1964,80-84,Female,
1964,85 and Older,Male,
1964,85 and Older,Female,
1965,Under 16,Male,82
1965,Under 16,Female,54
1965,16,Male,807
1965,16,Female,551
1965,17,Male,1339
1965,17,Female,877
1965,18,Male,1474
1965,18,Female,1015
1965,19,Male,1421
1965,19,Female,1003
1965,19 and Under,Male,5123
1965,19 and Under,Female,3500
1965,20,Male,1295
1965,20,Female,945
1965,21,Male,1297
1965,21,Female,985
1965,22,Male,1373
1965,22,Female,1054
1965,23,Male,1360
1965,23,Female,1039
1965,24,Male,1260
1965,24,Female,972
1965,20-24,Male,6585
1965,20-24,Female,4995
1965,25-29,Male,5882
1965,25-29,Female,4436
1965,30-34,Male,5666
1965,30-34,Female,4362
1965,35-39,Male,5962
1965,35-39,Female,4671
1965,40-44,Male,5984
1965,40-44,Female,4560
1965,45-49,Male,5457
1965,45-49,Female,3955
1965,50-54,Male,4870
1965,50-54,Female,3299
1965,55-59,Male,4149
1965,55-59,Female,2559
1965,60-64,Male,3228
1965,60-64,Female,1777
1965,65-69,Male,2448
1965,65-69,Female,1149
1965,70-74,Male,
1965,70-74,Female,
1965,75-79,Male,
1965,75-79,Female,
1965,80-84,Male,
1965,80-84,Female,
1965,85 and Older,Male,
1965,85 and Older,Female,
1966,Under 16,Male,74
1966,Under 16,Female,52
1966,16,Male,821
1966,16,Female,572
1966,17,Male,1335
1966,17,Female,913
1966,18,Male,1449
1966,18,Female,1033
1966,19,Male,1553
1966,19,Female,1153
1966,19 and Under,Male,5232
1966,19 and Under,Female,3723
1966,20,Male,1423
1966,20,Female,1082
1966,21,Male,1265
1966,21,Female,983
1966,22,Male,1326
1966,22,Female,1032
1966,23,Male,1396
1966,23,Female,1084
1966,24,Male,1393
1966,24,Female,1086
1966,20-24,Male,6803
1966,20-24,Female,5267
1966,25-29,Male,6090
1966,25-29,Female,4644
1966,30-34,Male,5676
1966,30-34,Female,4379
1966,35-39,Male,5905
1966,35-39,Female,4635
1966,40-44,Male,5999
1966,40-44,Female,4588
1966,45-49,Male,5544
1966,45-49,Female,4069
1966,50-54,Male,4924
1966,50-54,Female,3371
1966,55-59,Male,4247
1966,55-59,Female,2672
1966,60-64,Male,3374
1966,60-64,Female,1894
1966,65-69,Male,2494
1966,65-69,Female,1225
1966,70-74,Male,
1966,70-74,Female,
1966,75-79,Male,
1966,75-79,Female,
1966,80-84,Male,
1966,80-84,Female,
1966,85 and Older,Male,
1966,85 and Older,Female,
1967,Under 16,Male,67
1967,Under 16,Female,48
1967,16,Male,822
1967,16,Female,545
1967,17,Male,1338
1967,17,Female,891
1967,18,Male,1459
1967,18,Female,1023
1967,19,Male,1567
1967,19,Female,1153
1967,19 and Under,Male,5253
1967,19 and Under,Female,3660
1967,20,Male,1559
1967,20,Female,1195
1967,21,Male,1444
1967,21,Female,1137
1967,22,Male,1321
1967,22,Female,1024
1967,23,Male,1358
1967,23,Female,1066
1967,24,Male,1408
1967,24,Female,1092
1967,20-24,Male,7090
1967,20-24,Female,5514
1967,25-29,Male,6312
1967,25-29,Female,4871
1967,30-34,Male,5739
1967,30-34,Female,4467
1967,35-39,Male,5922
1967,35-39,Female,4676
1967,40-44,Male,6056
1967,40-44,Female,4687
1967,45-49,Male,5653
1967,45-49,Female,4190
1967,50-54,Male,4988
1967,50-54,Female,3501
1967,55-59,Male,4311
1967,55-59,Female,2818
1967,60-64,Male,3392
1967,60-64,Female,1985
1967,65-69,Male,2491
1967,65-69,Female,1286
1967,70-74,Male,
1967,70-74,Female,
1967,75-79,Male,
1967,75-79,Female,
1967,80-84,Male,
1967,80-84,Female,
1967,85 and Older,Male,
1967,85 and Older,Female,
1968,Under 16,Male,72
1968,Under 16,Female,51
1968,16,Male,869
1968,16,Female,584
1968,17,Male,1360
1968,17,Female,932
1968,18,Male,1437
1968,18,Female,1011
1968,19,Male,1548
1968,19,Female,1145
1968,19 and Under,Male,5286
1968,19 and Under,Female,3723
1968,20,Male,1514
1968,20,Female,1169
1968,21,Male,1578
1968,21,Female,1264
1968,22,Male,1483
1968,22,Female,1191
1968,23,Male,1354
1968,23,Female,1061
1968,24,Male,1353
1968,24,Female,1079
1968,20-24,Male,7282
1968,20-24,Female,5764
1968,25-29,Male,6569
1968,25-29,Female,5155
1968,30-34,Male,5829
1968,30-34,Female,4622
1968,35-39,Male,5846
1968,35-39,Female,4717
1968,40-44,Male,6014
1968,40-44,Female,4789
1968,45-49,Male,5715
1968,45-49,Female,4329
1968,50-54,Male,5053
1968,50-54,Female,3612
1968,55-59,Male,4381
1968,55-59,Female,2909
1968,60-64,Male,3513
1968,60-64,Female,2097
1968,65-69,Male,2538
1968,65-69,Female,1327
1968,70-74,Male,
1968,70-74,Female,
1968,75-79,Male,
1968,75-79,Female,
1968,80-84,Male,
1968,80-84,Female,
1968,85 and Older,Male,
1968,85 and Older,Female,
1969,Under 16,Male,92
1969,Under 16,Female,60
1969,16,Male,854
1969,16,Female,589
1969,17,Male,1411
1969,17,Female,990
1969,18,Male,1544
1969,18,Female,1133
1969,19,Male,1565
1969,19,Female,1173
1969,19 and Under,Male,5466
1969,19 and Under,Female,3945
1969,20,Male,1505
1969,20,Female,1191
1969,21,Male,1592
1969,21,Female,1293
1969,22,Male,1629
1969,22,Female,1332
1969,23,Male,1532
1969,23,Female,1242
1969,24,Male,1378
1969,24,Female,1107
1969,20-24,Male,7636
1969,20-24,Female,6165
1969,25-29,Male,6686
1969,25-29,Female,5309
1969,30-34,Male,5892
1969,30-34,Female,4748
1969,35-39,Male,5810
1969,35-39,Female,4763
1969,40-44,Male,5968
1969,40-44,Female,4809
1969,45-49,Male,5769
1969,45-49,Female,4475
1969,50-54,Male,5085
1969,50-54,Female,3744
1969,55-59,Male,4485
1969,55-59,Female,3053
1969,60-64,Male,3594
1969,60-64,Female,2227
1969,65-69,Male,2636
1969,65-69,Female,1439
1969,70-74,Male,
1969,70-74,Female,
1969,75-79,Male,
1969,75-79,Female,
1969,80-84,Male,
1969,80-84,Female,
1969,85 and Older,Male,
1969,85 and Older,Female,
1970,Under 16,Male,84
1970,Under 16,Female,62
1970,16,Male,859
1970,16,Female,615
1970,17,Male,1438
1970,17,Female,1056
1970,18,Male,1600
1970,18,Female,1219
1970,19,Male,1647
1970,19,Female,1284
1970,19 and Under,Male,5628
1970,19 and Under,Female,4236
1970,20,Male,1558
1970,20,Female,1250
1970,21,Male,1613
1970,21,Female,1345
1970,22,Male,1649
1970,22,Female,1378
1970,23,Male,1728
1970,23,Female,1435
1970,24,Male,1535
1970,24,Female,1266
1970,20-24,Male,8083
1970,20-24,Female,6674
1970,25-29,Male,7000
1970,25-29,Female,5769
1970,30-34,Male,5880
1970,30-34,Female,4909
1970,35-39,Male,5675
1970,35-39,Female,4749
1970,40-44,Male,5834
1970,40-44,Female,4802
1970,45-49,Male,5788
1970,45-49,Female,4643
1970,50-54,Male,5150
1970,50-54,Female,3916
1970,55-59,Male,4546
1970,55-59,Female,3210
1970,60-64,Male,3692
1970,60-64,Female,2399
1970,65-69,Male,2685
1970,65-69,Female,1541
1970,70-74,Male,
1970,70-74,Female,
1970,75-79,Male,
1970,75-79,Female,
1970,80-84,Male,
1970,80-84,Female,
1970,85 and Older,Male,
1970,85 and Older,Female,
1971,Under 16,Male,90
1971,Under 16,Female,66
1971,16,Male,834
1971,16,Female,618
1971,17,Male,1426
1971,17,Female,1084
1971,18,Male,1583
1971,18,Female,1236
1971,19,Male,1645
1971,19,Female,1308
1971,19 and Under,Male,5579
1971,19 and Under,Female,4312
1971,20,Male,1612
1971,20,Female,1327
1971,21,Male,1615
1971,21,Female,1344
1971,22,Male,1659
1971,22,Female,1394
1971,23,Male,1718
1971,23,Female,1428
1971,24,Male,1731
1971,24,Female,1439
1971,20-24,Male,8335
1971,20-24,Female,6932
1971,25-29,Male,7180
1971,25-29,Female,5993
1971,30-34,Male,5924
1971,30-34,Female,5003
1971,35-39,Male,5493
1971,35-39,Female,4657
1971,40-44,Male,5663
1971,40-44,Female,4720
1971,45-49,Male,5674
1971,45-49,Female,4644
1971,50-54,Male,5219
1971,50-54,Female,4095
1971,55-59,Male,4604
1971,55-59,Female,3395
1971,60-64,Male,3831
1971,60-64,Female,2654
1971,65-69,Male,2931
1971,65-69,Female,1820
1971,70-74,Male,
1971,70-74,Female,
1971,75-79,Male,
1971,75-79,Female,
1971,80-84,Male,
1971,80-84,Female,
1971,85 and Older,Male,
1971,85 and Older,Female,
1972,Under 16,Male,84
1972,Under 16,Female,56
1972,16,Male,870
1972,16,Female,660
1972,17,Male,1465
1972,17,Female,1130
1972,18,Male,1679
1972,18,Female,1329
1972,19,Male,1716
1972,19,Female,1388
1972,19 and Under,Male,5814
1972,19 and Under,Female,4563
1972,20,Male,1705
1972,20,Female,1423
1972,21,Male,1702
1972,21,Female,1444
1972,22,Male,1696
1972,22,Female,1450
1972,23,Male,1747
1972,23,Female,1494
1972,24,Male,1727
1972,24,Female,1473
1972,20-24,Male,8577
1972,20-24,Female,7284
1972,25-29,Male,7615
1972,25-29,Female,6458
1972,30-34,Male,6273
1972,30-34,Female,5384
1972,35-39,Male,5590
1972,35-39,Female,4803
1972,40-44,Male,5683
1972,40-44,Female,4802
1972,45-49,Male,5757
1972,45-49,Female,4783
1972,50-54,Male,5348
1972,50-54,Female,4261
1972,55-59,Male,4669
1972,55-59,Female,3506
1972,60-64,Male,3899
1972,60-64,Female,2753
1972,65-69,Male,2967
1972,65-69,Female,1893
1972,70-74,Male,
1972,70-74,Female,
1972,75-79,Male,
1972,75-79,Female,
1972,80-84,Male,
1972,80-84,Female,
1972,85 and Older,Male,
1972,85 and Older,Female,
1973,Under 16,Male,90
1973,Under 16,Female,61
1973,16,Male,1031
1973,16,Female,788
1973,17,Male,1545
1973,17,Female,1220
1973,18,Male,1664
1973,18,Female,1332
1973,19,Male,1743
1973,19,Female,1427
1973,19 and Under,Male,6073
1973,19 and Under,Female,4828
1973,20,Male,1724
1973,20,Female,1457
1973,21,Male,1730
1973,21,Female,1497
1973,22,Male,1756
1973,22,Female,1528
1973,23,Male,1747
1973,23,Female,1505
1973,24,Male,1708
1973,24,Female,1479
1973,20-24,Male,8665
1973,20-24,Female,7466
1973,25-29,Male,7905
1973,25-29,Female,6891
1973,30-34,Male,6541
1973,30-34,Female,5744
1973,35-39,Male,5623
1973,35-39,Female,4932
1973,40-44,Male,5591
1973,40-44,Female,4806
1973,45-49,Male,5680
1973,45-49,Female,4796
1973,50-54,Male,5403
1973,50-54,Female,4401
1973,55-59,Male,4679
1973,55-59,Female,3631
1973,60-64,Male,3976
1973,60-64,Female,2894
1973,65-69,Male,3059
1973,65-69,Female,2006
1973,70-74,Male,
1973,70-74,Female,
1973,75-79,Male,
1973,75-79,Female,
1973,80-84,Male,
1973,80-84,Female,
1973,85 and Older,Male,
1973,85 and Older,Female,
1974,Under 16,Male,78
1974,Under 16,Female,60
1974,16,Male,1009
1974,16,Female,801
1974,17,Male,1590
1974,17,Female,1269
1974,18,Male,1761
1974,18,Female,1443
1974,19,Male,1822
1974,19,Female,1523
1974,19 and Under,Male,6260
1974,19 and Under,Female,5096
1974,20,Male,1810
1974,20,Female,1550
1974,21,Male,1807
1974,21,Female,1576
1974,22,Male,1812
1974,22,Female,1597
1974,23,Male,1800
1974,23,Female,1584
1974,24,Male,1752
1974,24,Female,1542
1974,20-24,Male,8981
1974,20-24,Female,7849
1974,25-29,Male,8341
1974,25-29,Female,7424
1974,30-34,Male,6789
1974,30-34,Female,6083
1974,35-39,Male,5669
1974,35-39,Female,5068
1974,40-44,Male,5490
1974,40-44,Female,4782
1974,45-49,Male,5570
1974,45-49,Female,4787
1974,50-54,Male,5471
1974,50-54,Female,4572
1974,55-59,Male,4717
1974,55-59,Female,3757
1974,60-64,Male,4047
1974,60-64,Female,3037
1974,65-69,Male,3105
1974,65-69,Female,2140
1974,70-74,Male,
1974,70-74,Female,
1974,75-79,Male,
1974,75-79,Female,
1974,80-84,Male,
1974,80-84,Female,
1974,85 and Older,Male,
1974,85 and Older,Female,
1975,Under 16,Male,70
1975,Under 16,Female,53
1975,16,Male,1042
1975,16,Female,835
1975,17,Male,1601
1975,17,Female,1288
1975,18,Male,1816
1975,18,Female,1501
1975,19,Male,1890
1975,19,Female,1599
1975,19 and Under,Male,6419
1975,19 and Under,Female,5276
1975,20,Male,1878
1975,20,Female,1618
1975,21,Male,1875
1975,21,Female,1651
1975,22,Male,1872
1975,22,Female,1662
1975,23,Male,1876
1975,23,Female,1674
1975,24,Male,1866
1975,24,Female,1661
1975,20-24,Male,9367
1975,20-24,Female,8266
1975,25-29,Male,8824
1975,25-29,Female,7912
1975,30-34,Male,7014
1975,30-34,Female,6313
1975,35-39,Male,5822
1975,35-39,Female,5234
1975,40-44,Male,5444
1975,40-44,Female,4788
1975,45-49,Male,5569
1975,45-49,Female,4809
1975,50-54,Male,5508
1975,50-54,Female,4684
1975,55-59,Male,4858
1975,55-59,Female,3967
1975,60-64,Male,4158
1975,60-64,Female,3214
1975,65-69,Male,3255
1975,65-69,Female,2354
1975,70-74,Male,
1975,70-74,Female,
1975,75-79,Male,
1975,75-79,Female,
1975,80-84,Male,
1975,80-84,Female,
1975,85 and Older,Male,
1975,85 and Older,Female,
1976,Under 16,Male,71
1976,Under 16,Female,55
1976,16,Male,1059
1976,16,Female,846
1976,17,Male,1616
1976,17,Female,1310
1976,18,Male,1815
1976,18,Female,1502
1976,19,Male,1939
1976,19,Female,1639
1976,19 and Under,Male,6500
1976,19 and Under,Female,5352
1976,20,Male,1937
1976,20,Female,1676
1976,21,Male,1917
1976,21,Female,1680
1976,22,Male,1943
1976,22,Female,1721
1976,23,Male,1920
1976,23,Female,1709
1976,24,Male,1929
1976,24,Female,1723
1976,20-24,Male,9646
1976,20-24,Female,8509
1976,25-29,Male,9195
1976,25-29,Female,8272
1976,30-34,Male,7529
1976,30-34,Female,6804
1976,35-39,Male,6104
1976,35-39,Female,5514
1976,40-44,Male,5503
1976,40-44,Female,4876
1976,45-49,Male,5546
1976,45-49,Female,4824
1976,50-54,Male,5463
1976,50-54,Female,4706
1976,55-59,Male,4993
1976,55-59,Female,4145
1976,60-64,Male,4208
1976,60-64,Female,3328
1976,65-69,Male,3363
1976,65-69,Female,2477
1976,70-74,Male,
1976,70-74,Female,
1976,75-79,Male,
1976,75-79,Female,
1976,80-84,Male,
1976,80-84,Female,
1976,85 and Older,Male,
1976,85 and Older,Female,
1977,Under 16,Male,82
1977,Under 16,Female,63
1977,16,Male,1018
1977,16,Female,821
1977,17,Male,1618
1977,17,Female,1312
1977,18,Male,1829
1977,18,Female,1521
1977,19,Male,1940
1977,19,Female,1643
1977,19 and Under,Male,6487
1977,19 and Under,Female,5360
1977,20,Male,1980
1977,20,Female,1718
1977,21,Male,1981
1977,21,Female,1749
1977,22,Male,1986
1977,22,Female,1758
1977,23,Male,1994
1977,23,Female,1781
1977,24,Male,1973
1977,24,Female,1766
1977,20-24,Male,9914
1977,20-24,Female,8772
1977,25-29,Male,9429
1977,25-29,Female,8454
1977,30-34,Male,8023
1977,30-34,Female,7282
1977,35-39,Male,6471
1977,35-39,Female,5882
1977,40-44,Male,5592
1977,40-44,Female,4976
1977,45-49,Male,5533
1977,45-49,Female,4843
1977,50-54,Male,5500
1977,50-54,Female,4782
1977,55-59,Male,5112
1977,55-59,Female,4300
1977,60-64,Male,4278
1977,60-64,Female,3440
1977,65-69,Male,3434
1977,65-69,Female,2616
1977,70-74,Male,
1977,70-74,Female,
1977,75-79,Male,
1977,75-79,Female,
1977,80-84,Male,
1977,80-84,Female,
1977,85 and Older,Male,
1977,85 and Older,Female,
1978,Under 16,Male,90
1978,Under 16,Female,73
1978,16,Male,1056
1978,16,Female,854
1978,17,Male,1627
1978,17,Female,1327
1978,18,Male,1828
1978,18,Female,1524
1978,19,Male,1946
1978,19,Female,1664
1978,19 and Under,Male,6547
1978,19 and Under,Female,5442
1978,20,Male,1943
1978,20,Female,1699
1978,21,Male,2000
1978,21,Female,1779
1978,22,Male,2013
1978,22,Female,1801
1978,23,Male,2001
1978,23,Female,1798
1978,24,Male,2000
1978,24,Female,1804
1978,20-24,Male,9957
1978,20-24,Female,8881
1978,25-29,Male,9531
1978,25-29,Female,8611
1978,30-34,Male,8295
1978,30-34,Female,7579
1978,35-39,Male,6721
1978,35-39,Female,6160
1978,40-44,Male,5679
1978,40-44,Female,5086
1978,45-49,Male,5451
1978,45-49,Female,4808
1978,50-54,Male,5495
1978,50-54,Female,4804
1978,55-59,Male,5157
1978,55-59,Female,4395
1978,60-64,Male,4356
1978,60-64,Female,3575
1978,65-69,Male,3502
1978,65-69,Female,2720
1978,70-74,Male,
1978,70-74,Female,
1978,75-79,Male,
1978,75-79,Female,
1978,80-84,Male,
1978,80-84,Female,
1978,85 and Older,Male,
1978,85 and Older,Female,
1979,Under 16,Male,74
1979,Under 16,Female,58
1979,16,Male,1054
1979,16,Female,852
1979,17,Male,1577
1979,17,Female,1296
1979,18,Male,1824
1979,18,Female,1528
1979,19,Male,1942
1979,19,Female,1664
1979,19 and Under,Male,6471
1979,19 and Under,Female,5399
1979,20,Male,1938
1979,20,Female,1709
1979,21,Male,1971
1979,21,Female,1762
1979,22,Male,2041
1979,22,Female,1838
1979,23,Male,2034
1979,23,Female,1844
1979,24,Male,2025
1979,24,Female,1829
1979,20-24,Male,10009
1979,20-24,Female,8982
1979,25-29,Male,9733
1979,25-29,Female,8874
1979,30-34,Male,8631
1979,30-34,Female,7945
1979,35-39,Male,6911
1979,35-39,Female,6383
1979,40-44,Male,5729
1979,40-44,Female,5174
1979,45-49,Male,5394
1979,45-49,Female,4786
1979,50-54,Male,5432
1979,50-54,Female,4775
1979,55-59,Male,5210
1979,55-59,Female,4507
1979,60-64,Male,4373
1979,60-64,Female,3659
1979,65-69,Male,3584
1979,65-69,Female,2834
1979,70-74,Male,
1979,70-74,Female,
1979,75-79,Male,
1979,75-79,Female,
1979,80-84,Male,
1979,80-84,Female,
1979,85 and Older,Male,
1979,85 and Older,Female,
1980,Under 16,Male,52
1980,Under 16,Female,41
1980,16,Male,1001
1980,16,Female,822
1980,17,Male,1530
1980,17,Female,1260
1980,18,Male,1763
1980,18,Female,1484
1980,19,Male,1900
1980,19,Female,1643
1980,19 and Under,Male,6246
1980,19 and Under,Female,5249
1980,20,Male,1930
1980,20,Female,1706
1980,21,Male,1961
1980,21,Female,1772
1980,22,Male,1998
1980,22,Female,1813
1980,23,Male,2062
1980,23,Female,1876
1980,24,Male,2047
1980,24,Female,1868
1980,20-24,Male,9998
1980,20-24,Female,9034
1980,25-29,Male,9865
1980,25-29,Female,9060
1980,30-34,Male,9010
1980,30-34,Female,8359
1980,35-39,Male,7113
1980,35-39,Female,6583
1980,40-44,Male,5828
1980,40-44,Female,5306
1980,45-49,Male,5311
1980,45-49,Female,4765
1980,50-54,Male,5351
1980,50-54,Female,4739
1980,55-59,Male,5198
1980,55-59,Female,4572
1980,60-64,Male,4439
1980,60-64,Female,3793
1980,65-69,Male,3631
1980,65-69,Female,2949
1980,70-74,Male,
1980,70-74,Female,
1980,75-79,Male,
1980,75-79,Female,
1980,80-84,Male,
1980,80-84,Female,
1980,85 and Older,Male,
1980,85 and Older,Female,
1981,Under 16,Male,57
1981,Under 16,Female,45
1981,16,Male,937
1981,16,Female,769
1981,17,Male,1484
1981,17,Female,1231
1981,18,Male,1732
1981,18,Female,1460
1981,19,Male,1880
1981,19,Female,1620
1981,19 and Under,Male,6090
1981,19 and Under,Female,5125
1981,20,Male,1924
1981,20,Female,1700
1981,21,Male,1980
1981,21,Female,1774
1981,22,Male,2008
1981,22,Female,1819
1981,23,Male,2044
1981,23,Female,1853
1981,24,Male,2070
1981,24,Female,1885
1981,20-24,Male,10025
1981,20-24,Female,9030
1981,25-29,Male,10024
1981,25-29,Female,9190
1981,30-34,Male,9131
1981,30-34,Female,8488
1981,35-39,Male,7453
1981,35-39,Female,6925
1981,40-44,Male,5959
1981,40-44,Female,5464
1981,45-49,Male,5321
1981,45-49,Female,4805
1981,50-54,Male,5299
1981,50-54,Female,4719
1981,55-59,Male,5160
1981,55-59,Female,4590
1981,60-64,Male,4533
1981,60-64,Female,3930
1981,65-69,Male,3666
1981,65-69,Female,3055
1981,70-74,Male,
1981,70-74,Female,
1981,75-79,Male,
1981,75-79,Female,
1981,80-84,Male,
1981,80-84,Female,
1981,85 and Older,Male,
1981,85 and Older,Female,
1982,Under 16,Male,69
1982,Under 16,Female,54
1982,16,Male,890
1982,16,Female,753
1982,17,Male,1364
1982,17,Female,1170
1982,18,Male,1681
1982,18,Female,1462
1982,19,Male,1888
1982,19,Female,1658
1982,19 and Under,Male,5891
1982,19 and Under,Female,5097
1982,20,Male,1906
1982,20,Female,1715
1982,21,Male,2015
1982,21,Female,1833
1982,22,Male,2064
1982,22,Female,1890
1982,23,Male,2081
1982,23,Female,1918
1982,24,Male,2074
1982,24,Female,1916
1982,20-24,Male,10139
1982,20-24,Female,9272
1982,25-29,Male,10158
1982,25-29,Female,9492
1982,30-34,Male,9192
1982,30-34,Female,8702
1982,35-39,Male,7715
1982,35-39,Female,7317
1982,40-44,Male,6096
1982,40-44,Female,5733
1982,45-49,Male,5238
1982,45-49,Female,4842
1982,50-54,Male,5197
1982,50-54,Female,4736
1982,55-59,Male,5148
1982,55-59,Female,4706
1982,60-64,Male,4623
1982,60-64,Female,4148
1982,65-69,Male,3662
1982,65-69,Female,3291
1982,70-74,Male,
1982,70-74,Female,
1982,75-79,Male,
1982,75-79,Female,
1982,80-84,Male,
1982,80-84,Female,
1982,85 and Older,Male,
1982,85 and Older,Female,
1983,Under 16,Male,71
1983,Under 16,Female,55
1983,16,Male,916
1983,16,Female,772
1983,17,Male,1404
1983,17,Female,1200
1983,18,Male,1731
1983,18,Female,1500
1983,19,Male,1944
1983,19,Female,1700
1983,19 and Under,Male,6066
1983,19 and Under,Female,5227
1983,20,Male,1963
1983,20,Female,1759
1983,21,Male,2075
1983,21,Female,1879
1983,22,Male,2125
1983,22,Female,1938
1983,23,Male,2144
1983,23,Female,1966
1983,24,Male,2135
1983,24,Female,1964
1983,20-24,Male,10442
1983,20-24,Female,9506
1983,25-29,Male,10463
1983,25-29,Female,9735
1983,30-34,Male,9468
1983,30-34,Female,8923
1983,35-39,Male,7946
1983,35-39,Female,7503
1983,40-44,Male,6279
1983,40-44,Female,5878
1983,45-49,Male,5394
1983,45-49,Female,4964
1983,50-54,Male,5352
1983,50-54,Female,4855
1983,55-59,Male,5301
1983,55-59,Female,4825
1983,60-64,Male,4759
1983,60-64,Female,4252
1983,65-69,Male,3770
1983,65-69,Female,3374
1983,70-74,Male,
1983,70-74,Female,
1983,75-79,Male,
1983,75-79,Female,
1983,80-84,Male,
1983,80-84,Female,
1983,85 and Older,Male,
1983,85 and Older,Female,
1984,Under 16,Male,61
1984,Under 16,Female,49
1984,16,Male,913
1984,16,Female,766
1984,17,Male,1290
1984,17,Female,1109
1984,18,Male,1515
1984,18,Female,1308
1984,19,Male,1706
1984,19,Female,1490
1984,19 and Under,Male,5485
1984,19 and Under,Female,4722
1984,20,Male,1836
1984,20,Female,1645
1984,21,Male,1938
1984,21,Female,1750
1984,22,Male,2009
1984,22,Female,1835
1984,23,Male,2087
1984,23,Female,1922
1984,24,Male,2101
1984,24,Female,1939
1984,20-24,Male,9971
1984,20-24,Female,9090
1984,25-29,Male,10478
1984,25-29,Female,9811
1984,30-34,Male,9646
1984,30-34,Female,9152
1984,35-39,Male,8470
1984,35-39,Female,8083
1984,40-44,Male,6678
1984,40-44,Female,6320
1984,45-49,Male,5450
1984,45-49,Female,5095
1984,50-54,Male,5083
1984,50-54,Female,4689
1984,55-59,Male,5157
1984,55-59,Female,4709
1984,60-64,Male,4721
1984,60-64,Female,4384
1984,65-69,Male,3851
1984,65-69,Female,3453
1984,70-74,Male,
1984,70-74,Female,
1984,75-79,Male,
1984,75-79,Female,
1984,80-84,Male,
1984,80-84,Female,
1984,85 and Older,Male,
1984,85 and Older,Female,
1985,Under 16,Male,55
1985,Under 16,Female,45
1985,16,Male,886
1985,16,Female,749
1985,17,Male,1280
1985,17,Female,1100
1985,18,Male,1491
1985,18,Female,1288
1985,19,Male,1663
1985,19,Female,1455
1985,19 and Under,Male,5375
1985,19 and Under,Female,4636
1985,20,Male,1764
1985,20,Female,1582
1985,21,Male,1909
1985,21,Female,1727
1985,22,Male,1982
1985,22,Female,1811
1985,23,Male,2060
1985,23,Female,1893
1985,24,Male,2079
1985,24,Female,1926
1985,20-24,Male,9794
1985,20-24,Female,8939
1985,25-29,Male,10566
1985,25-29,Female,9887
1985,30-34,Male,9770
1985,30-34,Female,9278
1985,35-39,Male,8711
1985,35-39,Female,8327
1985,40-44,Male,6808
1985,40-44,Female,6461
1985,45-49,Male,5543
1985,45-49,Female,5200
1985,50-54,Male,5101
1985,50-54,Female,4724
1985,55-59,Male,5177
1985,55-59,Female,4733
1985,60-64,Male,4751
1985,60-64,Female,4448
1985,65-69,Male,3917
1985,65-69,Female,3555
1985,70-74,Male,
1985,70-74,Female,
1985,75-79,Male,
1985,75-79,Female,
1985,80-84,Male,
1985,80-84,Female,
1985,85 and Older,Male,
1985,85 and Older,Female,
1986,Under 16,Male,52
1986,Under 16,Female,43
1986,16,Male,937
1986,16,Female,802
1986,17,Male,1284
1986,17,Female,1114
1986,18,Male,1454
1986,18,Female,1260
1986,19,Male,1585
1986,19,Female,1390
1986,19 and Under,Male,5312
1986,19 and Under,Female,4609
1986,20,Male,1649
1986,20,Female,1480
1986,21,Male,1779
1986,21,Female,1613
1986,22,Male,1909
1986,22,Female,1753
1986,23,Male,1995
1986,23,Female,1840
1986,24,Male,2025
1986,24,Female,1882
1986,20-24,Male,9357
1986,20-24,Female,8568
1986,25-29,Male,10588
1986,25-29,Female,9926
1986,30-34,Male,10059
1986,30-34,Female,9540
1986,35-39,Male,9088
1986,35-39,Female,8689
1986,40-44,Male,7234
1986,40-44,Female,6861
1986,45-49,Male,5760
1986,45-49,Female,5407
1986,50-54,Male,5121
1986,50-54,Female,4751
1986,55-59,Male,5083
1986,55-59,Female,4682
1986,60-64,Male,4810
1986,60-64,Female,4466
1986,65-69,Male,4057
1986,65-69,Female,3733
1986,70-74,Male,
1986,70-74,Female,
1986,75-79,Male,
1986,75-79,Female,
1986,80-84,Male,
1986,80-84,Female,
1986,85 and Older,Male,
1986,85 and Older,Female,
1987,Under 16,Male,48
1987,Under 16,Female,40
1987,16,Male,900
1987,16,Female,775
1987,17,Male,1327
1987,17,Female,1151
1987,18,Male,1491
1987,18,Female,1301
1987,19,Male,1599
1987,19,Female,1401
1987,19 and Under,Male,5366
1987,19 and Under,Female,4668
1987,20,Male,1642
1987,20,Female,1467
1987,21,Male,1741
1987,21,Female,1573
1987,22,Male,1846
1987,22,Female,1685
1987,23,Male,1988
1987,23,Female,1831
1987,24,Male,2020
1987,24,Female,1865
1987,20-24,Male,9236
1987,20-24,Female,8421
1987,25-29,Male,10642
1987,25-29,Female,9935
1987,30-34,Male,10300
1987,30-34,Female,9729
1987,35-39,Male,9225
1987,35-39,Female,8793
1987,40-44,Male,7600
1987,40-44,Female,7204
1987,45-49,Male,5994
1987,45-49,Female,5628
1987,50-54,Male,5161
1987,50-54,Female,4791
1987,55-59,Male,5044
1987,55-59,Female,4656
1987,60-64,Male,4817
1987,60-64,Female,4485
1987,65-69,Male,4114
1987,65-69,Female,3817
1987,70-74,Male,
1987,70-74,Female,
1987,75-79,Male,
1987,75-79,Female,
1987,80-84,Male,
1987,80-84,Female,
1987,85 and Older,Male,
1987,85 and Older,Female,
1988,Under 16,Male,51
1988,Under 16,Female,43
1988,16,Male,845
1988,16,Female,736
1988,17,Male,1292
1988,17,Female,1128
1988,18,Male,1521
1988,18,Female,1335
1988,19,Male,1601
1988,19,Female,1413
1988,19 and Under,Male,5310
1988,19 and Under,Female,4654
1988,20,Male,1601
1988,20,Female,1445
1988,21,Male,1664
1988,21,Female,1513
1988,22,Male,1745
1988,22,Female,1594
1988,23,Male,1864
1988,23,Female,1717
1988,24,Male,1978
1988,24,Female,1825
1988,20-24,Male,8853
1988,20-24,Female,8095
1988,25-29,Male,10521
1988,25-29,Female,9856
1988,30-34,Male,10374
1988,30-34,Female,9825
1988,35-39,Male,9303
1988,35-39,Female,8906
1988,40-44,Male,7927
1988,40-44,Female,7564
1988,45-49,Male,6246
1988,45-49,Female,5917
1988,50-54,Male,5182
1988,50-54,Female,4852
1988,55-59,Male,4873
1988,55-59,Female,4538
1988,60-64,Male,4759
1988,60-64,Female,4491
1988,65-69,Male,4138
1988,65-69,Female,3908
1988,70-74,Male,
1988,70-74,Female,
1988,75-79,Male,
1988,75-79,Female,
1988,80-84,Male,
1988,80-84,Female,
1988,85 and Older,Male,
1988,85 and Older,Female,
1989,Under 16,Male,21
1989,Under 16,Female,17
1989,16,Male,783
1989,16,Female,680
1989,17,Male,1224
1989,17,Female,1069
1989,18,Male,1492
1989,18,Female,1314
1989,19,Male,1633
1989,19,Female,1441
1989,19 and Under,Male,5152
1989,19 and Under,Female,4522
1989,20,Male,1641
1989,20,Female,1488
1989,21,Male,1675
1989,21,Female,1526
1989,22,Male,1741
1989,22,Female,1594
1989,23,Male,1842
1989,23,Female,1694
1989,24,Male,1927
1989,24,Female,1775
1989,20-24,Male,8827
1989,20-24,Female,8077
1989,25-29,Male,10611
1989,25-29,Female,9958
1989,30-34,Male,10521
1989,30-34,Female,9993
1989,35-39,Male,9459
1989,35-39,Female,9101
1989,40-44,Male,8234
1989,40-44,Female,7885
1989,45-49,Male,6453
1989,45-49,Female,6131
1989,50-54,Male,5289
1989,50-54,Female,4970
1989,55-59,Male,4915
1989,55-59,Female,4590
1989,60-64,Male,4784
1989,60-64,Female,4529
1989,65-69,Male,4236
1989,65-69,Female,4029
1989,70-74,Male,
1989,70-74,Female,
1989,75-79,Male,
1989,75-79,Female,
1989,80-84,Male,
1989,80-84,Female,
1989,85 and Older,Male,
1989,85 and Older,Female,
1990,Under 16,Male,23
1990,Under 16,Female,20
1990,16,Male,769
1990,16,Female,674
1990,17,Male,1136
1990,17,Female,996
1990,18,Male,1378
1990,18,Female,1217
1990,19,Male,1608
1990,19,Female,1429
1990,19 and Under,Male,4913
1990,19 and Under,Female,4336
1990,20,Male,1691
1990,20,Female,1538
1990,21,Male,1694
1990,21,Female,1555
1990,22,Male,1701
1990,22,Female,1561
1990,23,Male,1767
1990,23,Female,1631
1990,24,Male,1951
1990,24,Female,1807
1990,20-24,Male,8804
1990,20-24,Female,8093
1990,25-29,Male,10239
1990,25-29,Female,9656
1990,30-34,Male,10507
1990,30-34,Female,10071
1990,35-39,Male,9684
1990,35-39,Female,9371
1990,40-44,Male,8610
1990,40-44,Female,8295
1990,45-49,Male,6642
1990,45-49,Female,6378
1990,50-54,Male,5376
1990,50-54,Female,5108
1990,55-59,Male,4855
1990,55-59,Female,4583
1990,60-64,Male,4738
1990,60-64,Female,4497
1990,65-69,Male,4266
1990,65-69,Female,4109
1990,70-74,Male,
1990,70-74,Female,
1990,75-79,Male,
1990,75-79,Female,
1990,80-84,Male,
1990,80-84,Female,
1990,85 and Older,Male,
1990,85 and Older,Female,
1991,Under 16,Male,35
1991,Under 16,Female,30
1991,16,Male,739
1991,16,Female,655
1991,17,Male,1098
1991,17,Female,970
1991,18,Male,1311
1991,18,Female,1156
1991,19,Male,1490
1991,19,Female,1330
1991,19 and Under,Male,4672
1991,19 and Under,Female,4142
1991,20,Male,1659
1991,20,Female,1511
1991,21,Male,1750
1991,21,Female,1604
1991,22,Male,1739
1991,22,Female,1603
1991,23,Male,1770
1991,23,Female,1625
1991,24,Male,1780
1991,24,Female,1654
1991,20-24,Male,8718
1991,20-24,Female,7997
1991,25-29,Male,10078
1991,25-29,Female,9474
1991,30-34,Male,10603
1991,30-34,Female,10167
1991,35-39,Male,9910
1991,35-39,Female,9598
1991,40-44,Male,8854
1991,40-44,Female,8625
1991,45-49,Male,6984
1991,45-49,Female,6713
1991,50-54,Male,5534
1991,50-54,Female,5283
1991,55-59,Male,4874
1991,55-59,Female,4628
1991,60-64,Male,4710
1991,60-64,Female,4493
1991,65-69,Male,4294
1991,65-69,Female,4167
1991,70-74,Male,
1991,70-74,Female,
1991,75-79,Male,
1991,75-79,Female,
1991,80-84,Male,
1991,80-84,Female,
1991,85 and Older,Male,
1991,85 and Older,Female,
1992,Under 16,Male,24
1992,Under 16,Female,22
1992,16,Male,740
1992,16,Female,668
1992,17,Male,1103
1992,17,Female,989
1992,18,Male,1312
1992,18,Female,1169
1992,19,Male,1440
1992,19,Female,1281
1992,19 and Under,Male,4620
1992,19 and Under,Female,4130
1992,20,Male,1535
1992,20,Female,1402
1992,21,Male,1707
1992,21,Female,1579
1992,22,Male,1802
1992,22,Female,1674
1992,23,Male,1806
1992,23,Female,1676
1992,24,Male,1781
1992,24,Female,1648
1992,20-24,Male,8631
1992,20-24,Female,7980
1992,25-29,Male,9744
1992,25-29,Female,9196
1992,30-34,Male,10607
1992,30-34,Female,10244
1992,35-39,Male,10126
1992,35-39,Female,9893
1992,40-44,Male,9118
1992,40-44,Female,8909
1992,45-49,Male,7587
1992,45-49,Female,7366
1992,50-54,Male,5932
1992,50-54,Female,5717
1992,55-59,Male,5018
1992,55-59,Female,4801
1992,60-64,Male,4784
1992,60-64,Female,4585
1992,65-69,Male,4414
1992,65-69,Female,4324
1992,70-74,Male,
1992,70-74,Female,
1992,75-79,Male,
1992,75-79,Female,
1992,80-84,Male,
1992,80-84,Female,
1992,85 and Older,Male,
1992,85 and Older,Female,
1993,Under 16,Male,19
1993,Under 16,Female,18
1993,16,Male,772
1993,16,Female,707
1993,17,Male,1095
1993,17,Female,991
1993,18,Male,1298
1993,18,Female,1166
1993,19,Male,1432
1993,19,Female,1282
1993,19 and Under,Male,4617
1993,19 and Under,Female,4164
1993,20,Male,1475
1993,20,Female,1348
1993,21,Male,1552
1993,21,Female,1469
1993,22,Male,1756
1993,22,Female,1643
1993,23,Male,1849
1993,23,Female,1728
1993,24,Male,1918
1993,24,Female,1802
1993,20-24,Male,8548
1993,20-24,Female,7990
1993,25-29,Male,9506
1993,25-29,Female,9018
1993,30-34,Male,10498
1993,30-34,Female,10213
1993,35-39,Male,10197
1993,35-39,Female,10048
1993,40-44,Male,9084
1993,40-44,Female,8971
1993,45-49,Male,7715
1993,45-49,Female,7558
1993,50-54,Male,6061
1993,50-54,Female,5905
1993,55-59,Male,5006
1993,55-59,Female,4840
1993,60-64,Male,4616
1993,60-64,Female,4461
1993,65-69,Male,4312
1993,65-69,Female,4263
1993,70-74,Male,
1993,70-74,Female,
1993,75-79,Male,
1993,75-79,Female,
1993,80-84,Male,
1993,80-84,Female,
1993,85 and Older,Male,
1993,85 and Older,Female,
1994,Under 16,Male,29
1994,Under 16,Female,27
1994,16,Male,766
1994,16,Female,705
1994,17,Male,1147
1994,17,Female,1052
1994,18,Male,1311
1994,18,Female,1181
1994,19,Male,1436
1994,19,Female,1291
1994,19 and Under,Male,4691
1994,19 and Under,Female,4257
1994,20,Male,1483
1994,20,Female,1352
1994,21,Male,1517
1994,21,Female,1404
1994,22,Male,1618
1994,22,Female,1511
1994,23,Male,1796
1994,23,Female,1686
1994,24,Male,1859
1994,24,Female,1749
1994,20-24,Male,8275
1994,20-24,Female,7704
1994,25-29,Male,9294
1994,25-29,Female,8806
1994,30-34,Male,10743
1994,30-34,Female,10147
1994,35-39,Male,10340
1994,35-39,Female,10131
1994,40-44,Male,9321
1994,40-44,Female,9164
1994,45-49,Male,8159
1994,45-49,Female,8009
1994,50-54,Male,6349
1994,50-54,Female,6195
1994,55-59,Male,5092
1994,55-59,Female,4939
1994,60-64,Male,4567
1994,60-64,Female,4419
1994,65-69,Male,4280
1994,65-69,Female,4247
1994,70-74,Male,3577
1994,70-74,Female,3649
1994,75-79,Male,2421
1994,75-79,Female,2486
1994,80-84,Male,1340
1994,80-84,Female,1379
1994,85 and Older,Male,736
1994,85 and Older,Female,672
1995,Under 16,Male,31
1995,Under 16,Female,28
1995,16,Male,812
1995,16,Female,752
1995,17,Male,1169
1995,17,Female,1081
1995,18,Male,1341
1995,18,Female,1221
1995,19,Male,1407
1995,19,Female,1280
1995,19 and Under,Male,4761
1995,19 and Under,Female,4362
1995,20,Male,1501
1995,20,Female,1378
1995,21,Male,1510
1995,21,Female,1402
1995,22,Male,1549
1995,22,Female,1453
1995,23,Male,1645
1995,23,Female,1555
1995,24,Male,1809
1995,24,Female,1717
1995,20-24,Male,8016
1995,20-24,Female,7508
1995,25-29,Male,9234
1995,25-29,Female,8822
1995,30-34,Male,10255
1995,30-34,Female,10028
1995,35-39,Male,10381
1995,35-39,Female,10277
1995,40-44,Male,9512
1995,40-44,Female,9465
1995,45-49,Male,8469
1995,45-49,Female,8401
1995,50-54,Male,6493
1995,50-54,Female,6397
1995,55-59,Male,5167
1995,55-59,Female,5057
1995,60-64,Male,4530
1995,60-64,Female,4428
1995,65-69,Male,4248
1995,65-69,Female,4234
1995,70-74,Male,3582
1995,70-74,Female,3702
1995,75-79,Male,2466
1995,75-79,Female,2578
1995,80-84,Male,1358
1995,80-84,Female,1439
1995,85 and Older,Male,736
1995,85 and Older,Female,710
1996,Under 16,Male,15
1996,Under 16,Female,13
1996,16,Male,800
1996,16,Female,750
1996,17,Male,1198
1996,17,Female,1114
1996,18,Male,1342
1996,18,Female,1211
1996,19,Male,1454
1996,19,Female,1333
1996,19 and Under,Male,4810
1996,19 and Under,Female,4423
1996,20,Male,1497
1996,20,Female,1386
1996,21,Male,1502
1996,21,Female,1413
1996,22,Male,1558
1996,22,Female,1463
1996,23,Male,1604
1996,23,Female,1513
1996,24,Male,1702
1996,24,Female,1616
1996,20-24,Male,7865
1996,20-24,Female,7393
1996,25-29,Male,9356
1996,25-29,Female,8945
1996,30-34,Male,10120
1996,30-34,Female,9870
1996,35-39,Male,10520
1996,35-39,Female,10438
1996,40-44,Male,9778
1996,40-44,Female,9751
1996,45-49,Male,8754
1996,45-49,Female,8710
1996,50-54,Male,6839
1996,50-54,Female,6763
1996,55-59,Male,5341
1996,55-59,Female,5258
1996,60-64,Male,4565
1996,60-64,Female,4485
1996,65-69,Male,4234
1996,65-69,Female,4230
1996,70-74,Male,3604
1996,70-74,Female,3749
1996,75-79,Male,2562
1996,75-79,Female,2716
1996,80-84,Male,1400
1996,80-84,Female,1515
1996,85 and Older,Male,766
1996,85 and Older,Female,766
1997,Under 16,Male,17
1997,Under 16,Female,15
1997,16,Male,850
1997,16,Female,801
1997,17,Male,1244
1997,17,Female,1168
1997,18,Male,1405
1997,18,Female,1297
1997,19,Male,1468
1997,19,Female,1360
1997,19 and Under,Male,4984
1997,19 and Under,Female,4642
1997,20,Male,1541
1997,20,Female,1450
1997,21,Male,1509
1997,21,Female,1430
1997,22,Male,1557
1997,22,Female,1479
1997,23,Male,1600
1997,23,Female,1520
1997,24,Male,1644
1997,24,Female,1564
1997,20-24,Male,7853
1997,20-24,Female,7446
1997,25-29,Male,9291
1997,25-29,Female,8904
1997,30-34,Male,9955
1997,30-34,Female,9694
1997,35-39,Male,10580
1997,35-39,Female,10485
1997,40-44,Male,10025
1997,40-44,Female,10020
1997,45-49,Male,8854
1997,45-49,Female,8851
1997,50-54,Male,7310
1997,50-54,Female,7237
1997,55-59,Male,5617
1997,55-59,Female,5563
1997,60-64,Male,4631
1997,60-64,Female,4578
1997,65-69,Male,4214
1997,65-69,Female,4236
1997,70-74,Male,3654
1997,70-74,Female,3830
1997,75-79,Male,2650
1997,75-79,Female,2835
1997,80-84,Male,1485
1997,80-84,Female,1608
1997,85 and Older,Male,793
1997,85 and Older,Female,868
1998,Under 16,Male,17
1998,Under 16,Female,15
1998,16,Male,862
1998,16,Female,808
1998,17,Male,1215
1998,17,Female,1137
1998,18,Male,1423
1998,18,Female,1322
1998,19,Male,1537
1998,19,Female,1442
1998,19 and Under,Male,5056
1998,19 and Under,Female,4726
1998,20,Male,1566
1998,20,Female,1481
1998,21,Male,1525
1998,21,Female,1455
1998,22,Male,1524
1998,22,Female,1456
1998,23,Male,1582
1998,23,Female,1513
1998,24,Male,1665
1998,24,Female,1592
1998,20-24,Male,7866
1998,20-24,Female,7499
1998,25-29,Male,9198
1998,25-29,Female,8830
1998,30-34,Male,9741
1998,30-34,Female,9438
1998,35-39,Male,10632
1998,35-39,Female,10504
1998,40-44,Male,10256
1998,40-44,Female,10206
1998,45-49,Male,9101
1998,45-49,Female,9063
1998,50-54,Male,7700
1998,50-54,Female,7624
1998,55-59,Male,5958
1998,55-59,Female,5879
1998,60-64,Male,4755
1998,60-64,Female,4691
1998,65-69,Male,4166
1998,65-69,Female,4170
1998,70-74,Male,3636
1998,70-74,Female,3794
1998,75-79,Male,2675
1998,75-79,Female,2868
1998,80-84,Male,1520
1998,80-84,Female,1658
1998,85 and Older,Male,839
1998,85 and Older,Female,917
1999,Under 16,Male,17
1999,Under 16,Female,15
1999,16,Male,753
1999,16,Female,704
1999,17,Male,1200
1999,17,Female,1130
1999,18,Male,1434
1999,18,Female,1332
1999,19,Male,1563
1999,19,Female,1457
1999,19 and Under,Male,4969
1999,19 and Under,Female,4640
1999,20,Male,1559
1999,20,Female,1482
1999,21,Male,1561
1999,21,Female,1490
1999,22,Male,1600
1999,22,Female,1536
1999,23,Male,1587
1999,23,Female,1520
1999,24,Male,1630
1999,24,Female,1559
1999,20-24,Male,7940
1999,20-24,Female,7589
1999,25-29,Male,9067
1999,25-29,Female,8670
1999,30-34,Male,9633
1999,30-34,Female,9279
1999,35-39,Male,10635
1999,35-39,Female,10464
1999,40-44,Male,10376
1999,40-44,Female,10345
1999,45-49,Male,9328
1999,45-49,Female,9288
1999,50-54,Male,8096
1999,50-54,Female,8036
1999,55-59,Male,6200
1999,55-59,Female,6147
1999,60-64,Male,4858
1999,60-64,Female,4804
1999,65-69,Male,4163
1999,65-69,Female,4167
1999,70-74,Male,3645
1999,70-74,Female,3806
1999,75-79,Male,2777
1999,75-79,Female,3011
1999,80-84,Male,1582
1999,80-84,Female,1748
1999,85 and Older,Male,889
1999,85 and Older,Female,1004
2000,Under 16,Male,14
2000,Under 16,Female,12
2000,16,Male,754
2000,16,Female,715
2000,17,Male,1200
2000,17,Female,1129
2000,18,Male,1470
2000,18,Female,1367
2000,19,Male,1588
2000,19,Female,1488
2000,19 and Under,Male,5029
2000,19 and Under,Female,4714
2000,20,Male,1610
2000,20,Female,1529
2000,21,Male,1619
2000,21,Female,1551
2000,22,Male,1624
2000,22,Female,1557
2000,23,Male,1655
2000,23,Female,1590
2000,24,Male,1647
2000,24,Female,1577
2000,20-24,Male,5158
2000,20-24,Female,7807
2000,25-29,Male,8988
2000,25-29,Female,8597
2000,30-34,Male,9747
2000,30-34,Female,9387
2000,35-39,Male,10621
2000,35-39,Female,10437
2000,40-44,Male,10576
2000,40-44,Female,10516
2000,45-49,Male,9578
2000,45-49,Female,9575
2000,50-54,Male,8448
2000,50-54,Female,8419
2000,55-59,Male,6394
2000,55-59,Female,6366
2000,60-64,Male,4970
2000,60-64,Female,4944
2000,65-69,Male,4182
2000,65-69,Female,4202
2000,70-74,Male,3644
2000,70-74,Female,3822
2000,75-79,Male,2820
2000,75-79,Female,3091
2000,80-84,Male,1656
2000,80-84,Female,1854
2000,85 and Older,Male,958
2000,85 and Older,Female,1092
2001,Under 16,Male,13
2001,Under 16,Female,12
2001,16,Male,697
2001,16,Female,665
2001,17,Male,1124
2001,17,Female,1067
2001,18,Male,1426
2001,18,Female,1328
2001,19,Male,1593
2001,19,Female,1493
2001,19 and Under,Male,4853
2001,19 and Under,Female,4567
2001,20,Male,1624
2001,20,Female,1547
2001,21,Male,1653
2001,21,Female,1590
2001,22,Male,1651
2001,22,Female,1597
2001,23,Male,1651
2001,23,Female,1596
2001,24,Male,1686
2001,24,Female,1633
2001,20-24,Male,8268
2001,20-24,Female,7965
2001,25-29,Male,8666
2001,25-29,Female,8323
2001,30-34,Male,9715
2001,30-34,Female,9394
2001,35-39,Male,10272
2001,35-39,Female,10139
2001,40-44,Male,10523
2001,40-44,Female,10568
2001,45-49,Male,9674
2001,45-49,Female,9783
2001,50-54,Male,8655
2001,50-54,Female,8740
2001,55-59,Male,6677
2001,55-59,Female,6682
2001,60-64,Male,5110
2001,60-64,Female,5120
2001,65-69,Male,4193
2001,65-69,Female,4242
2001,70-74,Male,3650
2001,70-74,Female,3813
2001,75-79,Male,2825
2001,75-79,Female,3087
2001,80-84,Male,1723
2001,80-84,Female,1929
2001,85 and Older,Male,981
2001,85 and Older,Female,1124
2002,Under 16,Male,14
2002,Under 16,Female,14
2002,16,Male,665
2002,16,Female,645
2002,17,Male,1118
2002,17,Female,1068
2002,18,Male,1401
2002,18,Female,1318
2002,19,Male,1572
2002,19,Female,1480
2002,19 and Under,Male,4772
2002,19 and Under,Female,4526
2002,20,Male,1638
2002,20,Female,1563
2002,21,Male,1668
2002,21,Female,1607
2002,22,Male,1702
2002,22,Female,1645
2002,23,Male,1708
2002,23,Female,1653
2002,24,Male,1705
2002,24,Female,1644
2002,20-24,Male,8424
2002,20-24,Female,8115
2002,25-29,Male,8727
2002,25-29,Female,8372
2002,30-34,Male,9737
2002,30-34,Female,9378
2002,35-39,Male,10189
2002,35-39,Female,9936
2002,40-44,Male,10614
2002,40-44,Female,10584
2002,45-49,Male,9941
2002,45-49,Female,9997
2002,50-54,Male,8735
2002,50-54,Female,8788
2002,55-59,Male,7148
2002,55-59,Female,7141
2002,60-64,Male,8371
2002,60-64,Female,5377
2002,65-69,Male,4253
2002,65-69,Female,4284
2002,70-74,Male,3647
2002,70-74,Female,3788
2002,75-79,Male,2936
2002,75-79,Female,3173
2002,80-84,Male,1849
2002,80-84,Female,2079
2002,85 and Older,Male,1112
2002,85 and Older,Female,1288
2003,Under 16,Male,19
2003,Under 16,Female,18
2003,16,Male,642
2003,16,Female,620
2003,17,Male,1112
2003,17,Female,1066
2003,18,Male,1423
2003,18,Female,1342
2003,19,Male,1549
2003,19,Female,1469
2003,19 and Under,Male,4746
2003,19 and Under,Female,4516
2003,20,Male,1625
2003,20,Female,1552
2003,21,Male,1678
2003,21,Female,1626
2003,22,Male,1705
2003,22,Female,1664
2003,23,Male,1740
2003,23,Female,1699
2003,24,Male,1742
2003,24,Female,1699
2003,20-24,Male,8493
2003,20-24,Female,8242
2003,25-29,Male,8669
2003,25-29,Female,8394
2003,30-34,Male,9622
2003,30-34,Female,9302
2003,35-39,Male,9960
2003,35-39,Female,9724
2003,40-44,Male,10653
2003,40-44,Female,10606
2003,45-49,Male,10135
2003,45-49,Female,10206
2003,50-54,Male,8916
2003,50-54,Female,9001
2003,55-59,Male,7482
2003,55-59,Female,7502
2003,60-64,Male,5680
2003,60-64,Female,5702
2003,65-69,Male,4370
2003,65-69,Female,4407
2003,70-74,Male,3613
2003,70-74,Female,3749
2003,75-79,Male,2894
2003,75-79,Female,3173
2003,80-84,Male,1856
2003,80-84,Female,2103
2003,85 and Older,Male,1132
2003,85 and Older,Female,1304
2004,Under 16,Male,12
2004,Under 16,Female,12
2004,16,Male,634
2004,16,Female,616
2004,17,Male,1112
2004,17,Female,1068
2004,18,Male,1423
2004,18,Female,1342
2004,19,Male,1595
2004,19,Female,1513
2004,19 and Under,Male,4778
2004,19 and Under,Female,4554
2004,20,Male,1619
2004,20,Female,1557
2004,21,Male,1670
2004,21,Female,1620
2004,22,Male,1725
2004,22,Female,1684
2004,23,Male,1757
2004,23,Female,1724
2004,24,Male,1788
2004,24,Female,1751
2004,20-24,Male,8559
2004,20-24,Female,8339
2004,25-29,Male,8804
2004,25-29,Female,8576
2004,30-34,Male,9496
2004,30-34,Female,9187
2004,35-39,Male,9850
2004,35-39,Female,9577
2004,40-44,Male,10722
2004,40-44,Female,10607
2004,45-49,Male,10374
2004,45-49,Female,10374
2004,50-54,Male,9197
2004,50-54,Female,9244
2004,55-59,Male,7878
2004,55-59,Female,7900
2004,60-64,Male,5924
2004,60-64,Female,5961
2004,65-69,Male,4474
2004,65-69,Female,4535
2004,70-74,Male,3607
2004,70-74,Female,3747
2004,75-79,Male,2875
2004,75-79,Female,3187
2004,80-84,Male,1897
2004,80-84,Female,2181
2004,85 and Older,Male,1129
2004,85 and Older,Female,1339
2005,Under 16,Male,11
2005,Under 16,Female,12
2005,16,Male,620
2005,16,Female,603
2005,17,Male,1118
2005,17,Female,1077
2005,18,Male,1433
2005,18,Female,1351
2005,19,Male,1596
2005,19,Female,1513
2005,19 and Under,Male,4779
2005,19 and Under,Female,4557
2005,20,Male,1656
2005,20,Female,1594
2005,21,Male,1651
2005,21,Female,1613
2005,22,Male,1716
2005,22,Female,1680
2005,23,Male,1773
2005,23,Female,1745
2005,24,Male,1798
2005,24,Female,1777
2005,20-24,Male,8597
2005,20-24,Female,8410
2005,25-29,Male,8851
2005,25-29,Female,8675
2005,30-34,Male,9215
2005,30-34,Female,8987
2005,35-39,Male,9819
2005,35-39,Female,9578
2005,40-44,Male,10586
2005,40-44,Female,10484
2005,45-49,Male,10478
2005,45-49,Female,10492
2005,50-54,Male,9419
2005,50-54,Female,9490
2005,55-59,Male,9419
2005,55-59,Female,8285
2005,60-64,Male,6109
2005,60-64,Female,6154
2005,65-69,Male,4575
2005,65-69,Female,4645
2005,70-74,Male,3618
2005,70-74,Female,3754
2005,75-79,Male,2893
2005,75-79,Female,3162
2005,80-84,Male,1909
2005,80-84,Female,2211
2005,85 and Older,Male,1166
2005,85 and Older,Female,1403
2006,Under 16,Male,106
2006,Under 16,Female,114
2006,16,Male,657
2006,16,Female,641
2006,17,Male,1145
2006,17,Female,1106
2006,18,Male,1459
2006,18,Female,1376
2006,19,Male,1603
2006,19,Female,1524
2006,19 and Under,Male,4972
2006,19 and Under,Female,4755
2006,20,Male,1661
2006,20,Female,1601
2006,21,Male,1686
2006,21,Female,1654
2006,22,Male,1697
2006,22,Female,1672
2006,23,Male,1760
2006,23,Female,1738
2006,24,Male,1799
2006,24,Female,1790
2006,20-24,Male,8604
2006,20-24,Female,8457
2006,25-29,Male,8942
2006,25-29,Female,8894
2006,30-34,Male,8901
2006,30-34,Female,8756
2006,35-39,Male,9790
2006,35-39,Female,9623
2006,40-44,Male,10328
2006,40-44,Female,10255
2006,45-49,Male,10535
2006,45-49,Female,10589
2006,50-54,Male,9616
2006,50-54,Female,9721
2006,55-59,Male,8517
2006,55-59,Female,8625
2006,60-64,Male,6360
2006,60-64,Female,6425
2006,65-69,Male,4726
2006,65-69,Female,4819
2006,70-74,Male,3661
2006,70-74,Female,3801
2006,75-79,Male,2922
2006,75-79,Female,3176
2006,80-84,Male,1964
2006,80-84,Female,2267
2006,85 and Older,Male,1271
2006,85 and Older,Female,1522
2007,Under 16,Male,127
2007,Under 16,Female,124
2007,16,Male,682
2007,16,Female,670
2007,17,Male,1149
2007,17,Female,1107
2007,18,Male,1479
2007,18,Female,1393
2007,19,Male,1638
2007,19,Female,1546
2007,19 and Under,Male,5077
2007,19 and Under,Female,4843
2007,20,Male,1681
2007,20,Female,1624
2007,21,Male,1712
2007,21,Female,1677
2007,22,Male,1739
2007,22,Female,1715
2007,23,Male,1743
2007,23,Female,1725
2007,24,Male,1792
2007,24,Female,1777
2007,20-24,Male,8669
2007,20-24,Female,8520
2007,25-29,Male,9072
2007,25-29,Female,9077
2007,30-34,Male,8852
2007,30-34,Female,8766
2007,35-39,Male,9762
2007,35-39,Female,9635
2007,40-44,Male,10117
2007,40-44,Female,10041
2007,45-49,Male,10583
2007,45-49,Female,10641
2007,50-54,Male,9869
2007,50-54,Female,9994
2007,55-59,Male,8581
2007,55-59,Female,8723
2007,60-64,Male,6891
2007,60-64,Female,6976
2007,65-69,Male,4981
2007,65-69,Female,5095
2007,70-74,Male,3733
2007,70-74,Female,3877
2007,75-79,Male,2933
2007,75-79,Female,3187
2007,80-84,Male,1999
2007,80-84,Female,2305
2007,85 and Older,Male,1340
2007,85 and Older,Female,1589
2008,Under 16,Male,169
2008,Under 16,Female,165
2008,16,Male,667
2008,16,Female,661
2008,17,Male,1103
2008,17,Female,1068
2008,18,Male,1490
2008,18,Female,1404
2008,19,Male,1658
2008,19,Female,1566
2008,19 and Under,Male,5089
2008,19 and Under,Female,4864
2008,20,Male,1698
2008,20,Female,1642
2008,21,Male,1716
2008,21,Female,1684
2008,22,Male,1740
2008,22,Female,1708
2008,23,Male,1784
2008,23,Female,1763
2008,24,Male,1772
2008,24,Female,1763
2008,20-24,Male,8713
2008,20-24,Female,8562
2008,25-29,Male,9186
2008,25-29,Female,8232
2008,30-34,Male,8893
2008,30-34,Female,8858
2008,35-39,Male,9672
2008,35-39,Female,9584
2008,40-44,Male,9926
2008,40-44,Female,9841
2008,45-49,Male,10618
2008,45-49,Female,10668
2008,50-54,Male,10059
2008,50-54,Female,10189
2008,55-59,Male,8735
2008,55-59,Female,8900
2008,60-64,Male,7189
2008,60-64,Female,7293
2008,65-69,Male,5268
2008,65-69,Female,5402
2008,70-74,Male,3842
2008,70-74,Female,4005
2008,75-79,Male,2939
2008,75-79,Female,3190
2008,80-84,Male,2043
2008,80-84,Female,2359
2008,85 and Older,Male,1438
2008,85 and Older,Female,1747
2009,Under 16,Male,205
2009,Under 16,Female,203
2009,16,Male,661
2009,16,Female,653
2009,17,Male,1074
2009,17,Female,1038
2009,18,Male,1454
2009,18,Female,1371
2009,19,Male,1682
2009,19,Female,1586
2009,19 and Under,Male,5078
2009,19 and Under,Female,4853
2009,20,Male,1725
2009,20,Female,1664
2009,21,Male,1737
2009,21,Female,1701
2009,22,Male,1748
2009,22,Female,1721
2009,23,Male,1783
2009,23,Female,1755
2009,24,Male,1809
2009,24,Female,1796
2009,20-24,Male,8803
2009,20-24,Female,8639
2009,25-29,Male,9220
2009,25-29,Female,9259
2009,30-34,Male,8920
2009,30-34,Female,8925
2009,35-39,Male,9425
2009,35-39,Female,9366
2009,40-44,Male,9729
2009,40-44,Female,9637
2009,45-49,Male,10577
2009,45-49,Female,10611
2009,50-54,Male,10176
2009,50-54,Female,10300
2009,55-59,Male,8924
2009,55-59,Female,9081
2009,60-64,Male,7512
2009,60-64,Female,7637
2009,65-69,Male,5469
2009,65-69,Female,5617
2009,70-74,Male,3938
2009,70-74,Female,4098
2009,75-79,Male,2943
2009,75-79,Female,3172
2009,80-84,Male,2060
2009,80-84,Female,2354
2009,85 and Older,Male,1480
2009,85 and Older,Female,1799
2010,Under 16,Male,199
2010,Under 16,Female,198
2010,16,Male,607
2010,16,Female,604
2010,17,Male,1024
2010,17,Female,1003
2010,18,Male,1407
2010,18,Female,1323
2010,19,Male,1640
2010,19,Female,1546
2010,19 and Under,Male,4880
2010,19 and Under,Female,4675
2010,20,Male,1743
2010,20,Female,1681
2010,21,Male,1756
2010,21,Female,1717
2010,22,Male,1757
2010,22,Female,1725
2010,23,Male,1767
2010,23,Female,1748
2010,24,Male,1792
2010,24,Female,1778
2010,20-24,Male,8816
2010,20-24,Female,8651
2010,25-29,Male,9178
2010,25-29,Female,9252
2010,30-34,Male,8934
2010,30-34,Female,8915
2010,35-39,Male,9078
2010,35-39,Female,9082
2010,40-44,Male,8612
2010,40-44,Female,8564
2010,45-49,Male,10380
2010,45-49,Female,10433
2010,50-54,Male,10240
2010,50-54,Female,10387
2010,55-59,Male,9126
2010,55-59,Female,9313
2010,60-64,Male,7846
2010,60-64,Female,8010
2010,65-69,Male,5652
2010,65-69,Female,5815
2010,70-74,Male,4028
2010,70-74,Female,4201
2010,75-79,Male,2966
2010,75-79,Female,3191
2010,80-84,Male,2090
2010,80-84,Female,2373
2010,85 and Older,Male,1540
2010,85 and Older,Female,1870
2011,Under 16,Male,180
2011,Under 16,Female,180
2011,16,Male,585
2011,16,Female,582
2011,17,Male,986
2011,17,Female,963
2011,18,Male,1363
2011,18,Female,1286
2011,19,Male,1605
2011,19,Female,1524
2011,19 and Under,Male,4720
2011,19 and Under,Female,4537
2011,20,Male,1724
2011,20,Female,1659
2011,21,Male,1786
2011,21,Female,1744
2011,22,Male,1790
2011,22,Female,1760
2011,23,Male,1793
2011,23,Female,1779
2011,24,Male,1806
2011,24,Female,1805
2011,20-24,Male,8899
2011,20-24,Female,8749
2011,25-29,Male,9251
2011,25-29,Female,9363
2011,30-34,Male,9051
2011,30-34,Female,9224
2011,35-39,Male,8786
2011,35-39,Female,8891
2011,40-44,Male,9599
2011,40-44,Female,9660
2011,45-49,Male,10130
2011,45-49,Female,10241
2011,50-54,Male,10292
2011,50-54,Female,10508
2011,55-59,Male,9313
2011,55-59,Female,9574
2011,60-64,Male,8131
2011,60-64,Female,8377
2011,65-69,Male,5894
2011,65-69,Female,6079
2011,70-74,Male,4176
2011,70-74,Female,4361
2011,75-79,Male,3004
2011,75-79,Female,3220
2011,80-84,Male,2092
2011,80-84,Female,2341
2011,85 and Older,Male,1554
2011,85 and Older,Female,1841
2012,Under 16,Male,65
2012,Under 16,Female,63
2012,16,Male,590
2012,16,Female,589
2012,17,Male,981
2012,17,Female,963
2012,18,Male,1319
2012,18,Female,1251
2012,19,Male,1551
2012,19,Female,1458
2012,19 and Under,Male,4506
2012,19 and Under,Female,4324
2012,20,Male,1662
2012,20,Female,1590
2012,21,Male,1729
2012,21,Female,1678
2012,22,Male,1814
2012,22,Female,1777
2012,23,Male,1814
2012,23,Female,1794
2012,24,Male,1817
2012,24,Female,1806
2012,20-24,Male,8836
2012,20-24,Female,8645
2012,25-29,Male,9142
2012,25-29,Female,9215
2012,30-34,Male,9088
2012,30-34,Female,9243
2012,35-39,Male,8668
2012,35-39,Female,8758
2012,40-44,Male,9532
2012,40-44,Female,9569
2012,45-49,Male,9894
2012,45-49,Female,9943
2012,50-54,Male,10299
2012,50-54,Female,10459
2012,55-59,Male,9503
2012,55-59,Female,9739
2012,60-64,Male,8129
2012,60-64,Female,8379
2012,65-69,Male,6311
2012,65-69,Female,6515
2012,70-74,Male,4349
2012,70-74,Female,4557
2012,75-79,Male,3041
2012,75-79,Female,3255
2012,80-84,Male,2097
2012,80-84,Female,2338
2012,85 and Older,Male,1590
2012,85 and Older,Female,1890
2013,Under 16,Male,31
2013,Under 16,Female,30
2013,16,Male,584
2013,16,Female,584
2013,17,Male,1023
2013,17,Female,986
2013,18,Male,1381
2013,18,Female,1298
2013,19,Male,1577
2013,19,Female,1483
2013,19 and Under,Male,4598
2013,19 and Under,Female,4383
2013,20,Male,1690
2013,20,Female,1605
2013,21,Male,1747
2013,21,Female,1687
2013,22,Male,1806
2013,22,Female,1768
2013,23,Male,1858
2013,23,Female,1830
2013,24,Male,1842
2013,24,Female,1831
2013,20-24,Male,8944
2013,20-24,Female,8723
2013,25-29,Male,9128
2013,25-29,Female,9212
2013,30-34,Male,9083
2013,30-34,Female,9273
2013,35-39,Male,8566
2013,35-39,Female,8707
2013,40-44,Male,9333
2013,40-44,Female,9411
2013,45-49,Male,9620
2013,45-49,Female,9678
2013,50-54,Male,10206
2013,50-54,Female,10401
2013,55-59,Male,9563
2013,55-59,Female,9834
2013,60-64,Male,8179
2013,60-64,Female,8477
2013,65-69,Male,6494
2013,65-69,Female,6733
2013,70-74,Male,4532
2013,70-74,Female,4774
2013,75-79,Male,3091
2013,75-79,Female,3328
2013,80-84,Male,2075
2013,80-84,Female,2323
2013,85 and Older,Male,1588
2013,85 and Older,Female,1888
2014,Under 16,Male,30
2014,Under 16,Female,31
2014,16,Male,509
2014,16,Female,512
2014,17,Male,951
2014,17,Female,930
2014,18,Male,1304
2014,18,Female,1236
2014,19,Male,1540
2014,19,Female,1446
2014,19 and Under,Male,4336
2014,19 and Under,Female,4115
2014,20,Male,1652
2014,20,Female,1569
2014,21,Male,1709
2014,21,Female,1633
2014,22,Male,1794
2014,22,Female,1741
2014,23,Male,1856
2014,23,Female,1827
2014,24,Male,1907
2014,24,Female,1891
2014,20-24,Male,8918
2014,20-24,Female,8661
2014,25-29,Male,9324
2014,25-29,Female,9386
2014,30-34,Male,9232
2014,30-34,Female,9418
2014,35-39,Male,8666
2014,35-39,Female,8846
2014,40-44,Male,9114
2014,40-44,Female,9237
2014,45-49,Male,9421
2014,45-49,Female,9489
2014,50-54,Male,10198
2014,50-54,Female,10389
2014,55-59,Male,9731
2014,55-59,Female,10019
2014,60-64,Male,8383
2014,60-64,Female,8719
2014,65-69,Male,6868
2014,65-69,Female,7146
2014,70-74,Male,4778
2014,70-74,Female,5040
2014,75-79,Male,3197
2014,75-79,Female,3437
2014,80-84,Male,2094
2014,80-84,Female,2312
2014,85 and Older,Male,1647
2014,85 and Older,Female,1930
2015,Under 16,Male,32
2015,Under 16,Female,32
2015,16,Male,527
2015,16,Female,538
2015,17,Male,967
2015,17,Female,954
2015,18,Male,1305
2015,18,Female,1246
2015,19,Male,1530
2015,19,Female,1460
2015,19 and Under,Male,4361
2015,19 and Under,Female,4229
2015,20,Male,1645
2015,20,Female,1597
2015,21,Male,1708
2015,21,Female,1661
2015,22,Male,1791
2015,22,Female,1740
2015,23,Male,1857
2015,23,Female,1831
2015,24,Male,1912
2015,24,Female,1906
2015,20-24,Male,8914
2015,20-24,Female,8717
2015,25-29,Male,9600
2015,25-29,Female,9666
2015,30-34,Male,9484
2015,30-34,Female,9636
2015,35-39,Male,8948
2015,35-39,Female,9139
2015,40-44,Male,8976
2015,40-44,Female,9131
2015,45-49,Male,9440
2015,45-49,Female,9548
2015,50-54,Male,10130
2015,50-54,Female,10358
2015,55-59,Male,9859
2015,55-59,Female,10209
2015,60-64,Male,8621
2015,60-64,Female,9026
2015,65-69,Male,7218
2015,65-69,Female,7571
2015,70-74,Male,4975
2015,70-74,Female,5257
2015,75-79,Male,3267
2015,75-79,Female,3567
2015,80-84,Male,2157
2015,80-84,Female,2364
2015,85 and Older,Male,1700
2015,85 and Older,Female,2017
2016,23,Female,1825
2016,55-59,Female,10322
2016,50-54,Female,10177
2016,55-59,Male,10001
2016,50-54,Male,9985
2016,25-29,Female,9888
2016,25-29,Male,9867
2016,30-34,Female,9798
2016,30-34,Male,9697
2016,45-49,Female,9679
2016,45-49,Male,9576
2016,35-39,Female,9430
2016,35-39,Male,9260
2016,60-64,Female,9250
2016,40-44,Female,8983
2016,20-24,Male,8971
2016,60-64,Male,8865
2016,40-44,Male,8846
2016,20-24,Female,8747
2016,65-69,Female,7919
2016,65-69,Male,7548
2016,70-74,Female,5476
2016,70-74,Male,5204
2016,19 and Under,Male,4472
2016,19 and Under,Female,4346
2016,75-79,Female,3722
2016,75-79,Male,3542
2016,80-84,Female,2415
2016,80-84,Male,2199
2016,85 and Older,Female,2089
2016,24,Male,1930
2016,24,Female,1906
2016,23,Male,1868
2016,85 and Older,Male,1798
2016,22,Male,1795
2016,22,Female,1753
2016,21,Male,1723
2016,21,Female,1668
2016,20,Male,1655
2016,20,Female,1597
2016,19,Male,1556
2016,19,Female,1484
2016,18,Male,1338
2016,18,Female,1282
2016,17,Male,991
2016,17,Female,984
2016,16,Female,568
2016,16,Male,556
2016,Under 16,Male,32
2016,Under 16,Female,32
2017,Under 16,Male,38
2017,Under 16,Female,39
2017,16,Male,544
2017,16,Female,555
2017,17,Male,999
2017,17,Female,991
2017,18,Male,1343
2017,18,Female,1286
2017,19,Male,1561
2017,19,Female,1489
2017,19 and Under,Male,4485
2017,19 and Under,Female,4360
2017,20,Male,1661
2017,20,Female,1593
2017,21,Male,1708
2017,21,Female,1657
2017,22,Male,1788
2017,22,Female,1740
2017,23,Male,1851
2017,23,Female,1817
2017,24,Male,1917
2017,24,Female,1880
2017,20-24,Male,8924
2017,20-24,Female,8687
2017,25-29,Male,10039
2017,25-29,Female,10034
2017,30-34,Male,9835
2017,30-34,Female,9921
2017,35-39,Male,9518
2017,35-39,Female,9677
2017,40-44,Male,8885
2017,40-44,Female,9011
2017,45-49,Male,9628
2017,45-49,Female,9717
2017,50-54,Male,9850
2017,50-54,Female,9981
2017,55-59,Male,10100
2017,55-59,Female,10402
2017,60-64,Male,9138
2017,60-64,Female,9540
2017,65-69,Male,7609
2017,65-69,Female,8017
2017,70-74,Male,5690
2017,70-74,Female,6015
2017,75-79,Male,3637
2017,75-79,Female,3944
2017,80-84,Male,2238
2017,80-84,Female,2485
2017,85 and Older,Male,1828
2017,85 and Older,Female,2152
2018,Under 16,Male,21
2018,Under 16,Female,21
2018,16,Male,525
2018,16,Female,540
2018,17,Male,989
2018,17,Female,987
2018,18,Male,1340
2018,18,Female,1290
2018,19,Male,1556
2018,19,Female,1485
2018,19 and Under,Male,4431
2018,19 and Under,Female,4324
2018,20,Male,1658
2018,20,Female,1590
2018,21,Male,1706
2018,21,Female,1649
2018,22,Male,1775
2018,22,Female,1731
2018,23,Male,1842
2018,23,Female,1803
2018,24,Male,1895
2018,24,Female,1869
2018,20-24,Male,8876
2018,20-24,Female,8643
2018,25-29,Male,10099
2018,25-29,Female,10088
2018,30-34,Male,9953
2018,30-34,Female,10026
2018,35-39,Male,9725
2018,35-39,Female,9877
2018,40-44,Male,8965
2018,40-44,Female,9087
2018,45-49,Male,9550
2018,45-49,Female,9648
2018,50-54,Male,9665
2018,50-54,Female,9779
2018,55-59,Male,10134
2018,55-59,Female,10405
2018,60-64,Male,9328
2018,60-64,Female,9713
2018,65-69,Male,7759
2018,65-69,Female,8183
2018,70-74,Male,5962
2018,70-74,Female,6289
2018,75-79,Male,3878
2018,75-79,Female,4176
2018,80-84,Male,2315
2018,80-84,Female,2621
2018,85 and Older,Male,1847
2018,85 and Older,Female,2218
2019,Under 16,Male,21
2019,Under 16,Female,22
2019,16,Male,534
2019,16,Female,554
2019,17,Male,975
2019,17,Female,981
2019,18,Male,1331
2019,18,Female,1291
2019,19,Male,1569
2019,19,Female,1503
2019,19 and Under,Male,4431
2019,19 and Under,Female,4351
2019,20,Male,1661
2019,20,Female,1594
2019,21,Male,1709
2019,21,Female,1651
2019,22,Male,1780
2019,22,Female,1728
2019,23,Male,1830
2019,23,Female,1793
2019,24,Male,1882
2019,24,Female,1851
2019,20-24,Male,8862
2019,20-24,Female,8616
2019,25-29,Male,10072
2019,25-29,Female,10045
2019,30-34,Male,10042
2019,30-34,Female,10140
2019,35-39,Male,9809
2019,35-39,Female,9934
2019,40-44,Male,9045
2019,40-44,Female,9201
2019,45-49,Male,9397
2019,45-49,Female,9522
2019,50-54,Male,9526
2019,50-54,Female,9647
2019,55-59,Male,10110
2019,55-59,Female,10387
2019,60-64,Male,9421
2019,60-64,Female,9822
2019,65-69,Male,7888
2019,65-69,Female,8354
2019,70-74,Male,6187
2019,70-74,Female,6576
2019,75-79,Male,4003
2019,75-79,Female,4342
2019,80-84,Male,2312
2019,80-84,Female,2568
2019,85 and Older,Male,1895
2019,85 and Older,Female,2172
2020,Under 16,Male,30
2020,Under 16,Female,31
2020,16,Male,511
2020,16,Female,531
2020,17,Male,925
2020,17,Female,927
2020,18,Male,1253
2020,18,Female,1214
2020,19,Male,1502
2020,19,Female,1427
2020,19 and Under,Male,4221
2020,19 and Under,Female,4130
2020,20,Male,1656
2020,20,Female,1581
2020,21,Male,1707
2020,21,Female,1638
2020,22,Male,1751
2020,22,Female,1693
2020,23,Male,1803
2020,23,Female,1755
2020,24,Male,1862
2020,24,Female,1831
2020,20-24,Male,8780
2020,20-24,Female,8498
2020,25-29,Male,9877
2020,25-29,Female,9837
2020,30-34,Male,10041
2020,30-34,Female,10145
2020,35-39,Male,9791
2020,35-39,Female,9952
2020,40-44,Male,9135
2020,40-44,Female,9331
2020,45-49,Male,9094
2020,45-49,Female,9261
2020,50-54,Male,9429
2020,50-54,Female,9589
2020,55-59,Male,9910
2020,55-59,Female,10213
2020,60-64,Male,9421
2020,60-64,Female,9872
2020,65-69,Male,8022
2020,65-69,Female,8553
2020,70-74,Male,6415
2020,70-74,Female,6882
2020,75-79,Male,4136
2020,75-79,Female,4498
2020,80-84,Male,2459
2020,80-84,Female,2710
2020,85 and Older,Male,1863
2020,85 and Older,Female,2129
2021,Under 16,Male,55
2021,Under 16,Female,56
2021,16,Male,537
2021,16,Female,554
2021,17,Male,918
2021,17,Female,908
2021,18,Male,1319
2021,18,Female,1243
2021,19,Male,1490
2021,19,Female,1428
2021,19 and Under,Male,4318
2021,19 and Under,Female,4189
2021,20,Male,1658
2021,20,Female,1576
2021,21,Male,1772
2021,21,Female,1679
2021,22,Male,1769
2021,22,Female,1687
2021,23,Male,1829
2021,23,Female,1756
2021,24,Male,1886
2021,24,Female,1824
2021,20-24,Male,8914
2021,20-24,Female,8522
2021,25-29,Male,9984
2021,25-29,Female,9812
2021,30-34,Male,10419
2021,30-34,Female,10439
2021,35-39,Male,10118
2021,35-39,Female,10186
2021,40-44,Male,9558
2021,40-44,Female,9681
2021,45-49,Male,9001
2021,45-49,Female,9107
2021,50-54,Male,9617
2021,50-54,Female,9719
2021,55-59,Male,9851
2021,55-59,Female,10065
2021,60-64,Male,9657
2021,60-64,Female,10040
2021,65-69,Male,8295
2021,65-69,Female,8811
2021,70-74,Male,6704
2021,70-74,Female,7223
2021,75-79,Male,4324
2021,75-79,Female,4717
2021,80-84,Male,2537
2021,80-84,Female,2842
2021,85 and Older,Male,1917
2021,85 and Older,Female,2213
2022,Under 16,Male,59
2022,Under 16,Female,59
2022,16,Male,538
2022,16,Female,539
2022,17,Male,932
2022,17,Female,912
2022,18,Male,1334
2022,18,Female,1253
2022,19,Male,1528
2022,19,Female,1423
2022,19 and Under,Male,4391
2022,19 and Under,Female,4186
2022,20,Male,1646
2022,20,Female,1557
2022,21,Male,1760
2022,21,Female,1666
2022,22,Male,1804
2022,22,Female,1717
2022,23,Male,1845
2022,23,Female,1762
2022,24,Male,1904
2022,24,Female,1832
2022,20-24,Male,8959
2022,20-24,Female,8533
2022,25-29,Male,9946
2022,25-29,Female,9748
2022,30-34,Male,10550
2022,30-34,Female,10573
2022,35-39,Male,10191
2022,35-39,Female,10275
2022,40-44,Male,9738
2022,40-44,Female,9898
2022,45-49,Male,8972
2022,45-49,Female,9131
2022,50-54,Male,9540
2022,50-54,Female,9717
2022,55-59,Male,9612
2022,55-59,Female,9886
2022,60-64,Male,9635
2022,60-64,Female,10083
2022,65-69,Male,8449
2022,65-69,Female,9046
2022,70-74,Male,6729
2022,70-74,Female,7334
2022,75-79,Male,4712
2022,75-79,Female,5183
2022,80-84,Male,2702
2022,80-84,Female,3052
2022,85 and Older,Male,1997
2022,85 and Older,Female,2319
2023,Under 16,Male,60
2023,Under 16,Female,59
2023,16,Male,569
2023,16,Female,558
2023,17,Male,990
2023,17,Female,947
2023,18,Male,1369
2023,18,Female,1261
2023,19,Male,1565
2023,19,Female,1435
2023,19 and Under,Male,4553
2023,19 and Under,Female,4259
2023,20,Male,1706
2023,20,Female,1589
2023,21,Male,1758
2023,21,Female,1648
2023,22,Male,1818
2023,22,Female,1719
2023,23,Male,1898
2023,23,Female,1799
2023,24,Male,1943
2023,24,Female,1850
2023,20-24,Male,9123
2023,20-24,Female,8605
2023,25-29,Male,10039
2023,25-29,Female,9755
2023,30-34,Male,10695
2023,30-34,Female,10636
2023,35-39,Male,10366
2023,35-39,Female,10395
2023,40-44,Male,9985
2023,40-44,Female,10106
2023,45-49,Male,9068
2023,45-49,Female,9215
2023,50-54,Male,9464
2023,50-54,Female,9646
2023,55-59,Male,9438
2023,55-59,Female,9686
2023,60-64,Male,9651
2023,60-64,Female,10099
2023,65-69,Male,8583
2023,65-69,Female,9196
2023,70-74,Male,6825
2023,70-74,Female,7473
2023,75-79,Male,4912
2023,75-79,Female,5421
2023,80-84,Male,2852
2023,80-84,Female,3238
2023,85 and Older,Male,2016
2023,85 and Older,Female,2357